<?xml version="1.0" encoding="UTF-8"?>
<project-private xmlns="http://www.netbeans.org/ns/project-private/1">
    <editor-bookmarks xmlns="http://www.netbeans.org/ns/editor-bookmarks/2" lastBookmarkId="0"/>
    <open-files xmlns="http://www.netbeans.org/ns/projectui-open-files/2">
        <group>
            <file>file:/C:/Users/Tp-Link/Documents/NetBeansProjects/ProyectoFinalCeicom/src/ventanas/Ventana.java</file>
            <file>file:/C:/Users/Tp-Link/Documents/NetBeansProjects/ProyectoFinalCeicom/src/ventanas/PanelMostrarCli.java</file>
            <file>file:/C:/Users/Tp-Link/Documents/NetBeansProjects/ProyectoFinalCeicom/src/ventanas/PanelRegistroDoc.java</file>
            <file>file:/C:/Users/Tp-Link/Documents/NetBeansProjects/ProyectoFinalCeicom/src/ventanas/PanelRegistroCli.java</file>
            <file>file:/C:/Users/Tp-Link/Documents/NetBeansProjects/ProyectoFinalCeicom/src/ventanas/PanelPrincipal.java</file>
        </group>
    </open-files>
</project-private>
